codigo,nome_decomp,nome_completo,arquivo_fonte
1,CAMARGOS,CAMARGOS,UH
2,ITUTINGA,ITUTINGA,UH
4,FUNIL-GRANDE,Funil Grande,UH
6,FURNAS,FURNAS,UH
7,M. DE MORAES,Mascarenhas de Moraes,UH
8,ESTREITO,ESTREITO,UH
9,JAGUARA,JAGUARA,UH
10,IGARAPAVA,IGARAPAVA,UH
11,VOLTA GRANDE,VOLTA GRANDE,UH
12,P. COLOMBIA,Porto Colombia,UH
14,CACONDE,Caconde,UH
15,E. DA CUNHA,Euclides da cunha,UH
16,A.S.OLIVEIRA,Armando Salles de Oliveira,UH
17,MARIMBONDO,Marimbondo,UH
18,A. VERMELHA,Água vermelha,UH
20,BATALHA,Batalha,UH
21,SERRA FACAO,Serra facao ,UH
24,EMBORCACAO,Emborcacao,UH
25,NOVA PONTE,Nova Ponte,UH
26,MIRANDA,Miranda,UH
27,CAPIM BRANC1,Capim Branco 1,UH
28,CAPIM BRANC2,Capim Branco 2,UH
29,CORUMBA IV,Corumba IV  ,UH
30,CORUMBA I,CORUMBA I,UH
31,ITUMBIARA,ITUMBIARA,UH
32,CACH.DOURADA,Cachoeira Dourada,UH
33,SAO SIMAO,SAO SIMAO,UH
34,I. SOLTEIRA,Ilha Solteira,UH
37,BARRA BONITA,Barra Bonita,UH
38,A.S. LIMA,Álvaro de Souza Lima,UH
39,IBITINGA,Ibitinga,UH
40,PROMISSAO,Promissao ,UH
42,NAVANHANDAVA,navanhandava ,UH
43,TRES IRMAOS,Tres Irmaos ,UH
45,JUPIA,Jupia,UH
46,P. PRIMAVERA,Porto Primavera,UH
47,A.A. LAYDNER,Armando Avellanar Laydner,UH
48,PIRAJU,Piraju ,UH
49,CHAVANTES,Chavantes,UH
50,L.N. GARCEZ,Lucas Nogueira Garcez,UH
51,CANOAS II,Canoas II,UH
52,CANOAS I,Canoas I ,UH
53,PARANAPANEMA,Paranapanema,UH
57,MAUA,MAUA,UH
61,CAPIVARA,CAPIVARA,UH
62,TAQUARUCU,TAQUARUCU,UH
63,ROSANA,ROSANA,UH
66,ITAIPU,ITAIPU,UH
71,STA CLARA PR,Santa Clara Paraná,UH
72,FUNDAO,Fundao ,UH
73,JORDAO,Jordao ,UH
74,G.B. MUNHOZ,Foz do Areia,UH
76,SEGREDO,Segredo,UH
77,SLT.SANTIAGO,Salto Santiago,UH
78,SALTO OSORIO,Salto Osorio ,UH
82,SALTO CAXIAS,Salto Caxias ,UH
83,BAIXO IGUACU,Baixo Iguaçu ,UH
86,BARRA GRANDE,BARRA GRANDE,UH
88,SAO ROQUE,SAO ROQUE,UH
89,GARIBALDI,GARIBALDI,UH
90,CAMPOS NOVOS,CAMPOS NOVOS,UH
91,MACHADINHO,MACHADINHO,UH
92,ITA,ITA,UH
93,PASSO FUNDO,PASSO FUNDO,UH
94,MONJOLINHO,MONJOLINHO,UH
95,QUEBRA QUEIX,Quebra Queixo,UH
97,CASTRO ALVES,CASTRO ALVES,UH
98,MONTE CLARO,MONTE CLARO,UH
99,14 DE JULHO,14 DE JULHO,UH
101,SAO JOSE,SAO JOSE,UH
102,PASSO S JOAO,Passo São Joao,UH
103,FOZ CHAPECO,FOZ CHAPECO,UH
107,EDGARD SOUZA,EDGARD SOUZA,UH
108,TRAICAO,TRAICAO,UH
109,PEDREIRA,PEDREIRA,UH
110,ERNESTINA,ERNESTINA,UH
111,PASSO REAL,PASSO REAL,UH
112,JACUI,JACUI,UH
113,ITAUBA,ITAUBA,UH
114,D. FRANCISCA,Dona Francisca,UH
115,G.P. SOUZA,Governador Parigot de Souza,UH
117,GUARAPIRANGA,Guarapiranga ,UH
118,BILLINGS,Billings ,UH
119,HENRY BORDEN,HENRY BORDEN,UH
120,JAGUARI,JAGUARI,UH
121,PARAIBUNA,PARAIBUNA,UH
122,SANTA BRANCA,SANTA BRANCA,UH
123,FUNIL,FUNIL,UH
124,LAJES,LAJES,UH
125,STA CECILIA,Santa Cecilia,UH
126,PICADA,PICADA,UH
127,SOBRAGI,SOBRAGI,UH
129,SIMPLICIO,SIMPLICIO,UH
130,ILHA POMBOS,ILHA POMBOS,UH
131,NILO PECANHA,NILO PECANHA,UH
133,P. PASSOS,Pereira Passos,UH
134,SALTO GRANDE,Salto Grande,UH
135,P. ESTRELA,Porto Estrela,UH
139,CANDONGA,Candonga ,UH
141,BAGUARI,Baguari ,UH
143,AIMORES,Aimores,UH
144,MASCARENHAS,Mascarenhas ,UH
145,SUICA,Suica ,UH
146,FONTES C,FONTES C,UH
147,FONTES AB,FONTES AB,UH
148,IRAPE,IRAPE,UH
153,SAO DOMINGOS,SAO DOMINGOS,UH
154,ITAPEBI,ITAPEBI,UH
155,RETIRO BAIXO,RETIRO BAIXO,UH
156,TRES MARIAS,TRES MARIAS,UH
162,QUEIMADO,QUEIMADO,UH
169,SOBRADINHO,SOBRADINHO,UH
172,ITAPARICA,ITAPARICA,UH
173,MOXOTO,MOXOTO,UH
174,P.AFONSO 123,Paulo Afonso 123,UH
175,P.AFONSO 4,Paulo Afonso 4,UH
178,XINGO,XINGO,UH
180,TOCOS,TOCOS,UH
181,SANTANA,SANTANA,UH
182,VIGARIO,VIGARIO,UH
185,BARRA BRAUNA,BARRA BRAUNA,UH
189,P. CAVALO,Pedra Cavalo,UH
190,B. ESPERANCA,Boa Esperança ,UH
192,GUILMAN-AMOR,GUILMAN-AMOR,UH
193,SA CARVALHO,SA CARVALHO,UH
195,JAURU,JAURU,UH
196,GUAPORE,GUAPORE,UH
203,CORUMBA III,CORUMBA III,UH
204,CACH.CALDEIR,Cachoeira Caldeirao,UH
215,SALTO PILAO,SALTO PILAO,UH
217,ROSAL,Rosal ,UH
225,SLT APIACAS,Apiacas ,UH
227,SINOP,SINOP,UH
228,COLIDER,COLIDER,UH
229,TELES PIRES,TELES PIRES,UH
230,SAO MANOEL,SAO MANOEL,UH
241,SLT VERDINHO,Salto Rio Verdinho,UH
249,OURINHOS,Ourinhos,UH
251,SERRA MESA,SERRA MESA,UH
252,CANA BRAVA,CANA BRAVA,UH
253,SAO SALVADOR,SAO SALVADOR,UH
257,PEIXE ANGIC,Peixe angical,UH
260,ESTRELA,Estrela,UH
261,LAJEADO,Lajeado,UH
262,SALTO,Salto ,UH
267,ESTREITO TOC,Estreito Tocantins ,UH
272,CURUA-UNA,Curuá Uma,UH
275,TUCURUI,Tucurui ,UH
276,RONDON II,Rondon II,UH
277,BALBINA,Balbina,UH
278,MANSO,Manso ,UH
279,SAMUEL,SAMUEL,UH
280,COARACY NUNE,COARACY NUNE,UH
281,PONTE PEDRA,PONTE PEDRA,UH
283,STA CLARA MG,Santa Clara MG,UH
284,FERREIRA GOM,Ferreira Gomes,UH
285,JIRAU,Jirau,UH
286,STO ANT JARI,Santo Antônio do Jari,UH
287,STO ANTONIO,Santo Antonio ,UH
288,BELO MONTE,Belo Monte,UH
290,ESPORA,Espora,UH
304,ITIQUIRA I,Itiquira I ,UH
305,ITIQUIRA II,Itiquira II,UH
309,JURUENA,Juruena,UH
310,DARDANELOS,Dardanelos,UH
311,CACU,cacu,UH
312,B. COQUEIROS,Barra Dos coqueiros ,UH
314,PIMENTAL,Pimental ,UH
315,FOZ R. CLARO,Foz do Rio Claro,UH
